"scenario_name","population_id","anchor_date","application_seq","application_id","applicant_id","application_date","product_type","score_band","credit_score","annual_income","debt_to_income_ratio","utilization_rate","tradeline_count","months_since_oldest_trade","recent_inquiry_count","delinquency_count_12m","major_derogatory_flag","bankruptcy_flag","prequalified_flag","returning_customer_flag","requested_amount","loan_term_months","base_apr_for_payment_calc","monthly_payment_proxy","payment_to_income_ratio","amount_to_income_ratio","base_pd","mult_delinq","mult_derog","mult_bankruptcy","mult_util","mult_dti","mult_inquiry","mult_tradeline","mult_file_age","mult_pti","mult_amt_income","mult_product","estimated_pd","estimated_lgd","expected_loss_amount","created_ts"
BASELINE,BASE_POPULATION_V1,2025-12-31,47107,APP-00047107,CUST-00047107,2025-12-13,MORTGAGE,PRIME,757,197937.01,0.2276,0.4284,5,49,3,0,false,false,false,true,955623.50,180,0.097917,10147.75,0.615211,4.827917,0.025000,1.00,1.00,1.00,1.10,1.00,1.05,1.05,1.05,1.45,1.25,0.90,0.050229,0.200000,9600.00,2026-04-23 08:27:11.250 -0400
BASELINE,BASE_POPULATION_V1,2025-12-31,48322,APP-00048322,CUST-00048322,2025-05-05,MORTGAGE,PRIME,757,202064.49,0.4352,0.1700,7,157,4,0,false,false,false,false,962777.86,180,0.098808,10275.96,0.610258,4.764706,0.025000,1.00,1.00,1.00,1.00,1.10,1.12,1.00,1.00,1.45,1.25,0.90,0.049375,0.200000,9507.43,2026-04-23 08:27:11.250 -0400
BASELINE,BASE_POPULATION_V1,2025-12-31,4893,APP-00004893,CUST-00004893,2025-05-08,MORTGAGE,PRIME,745,190462.04,0.2201,0.3230,10,217,4,0,false,false,false,false,905037.16,180,0.093665,9377.85,0.590848,4.751798,0.025000,1.00,1.00,1.00,1.10,1.00,1.12,1.00,1.00,1.45,1.25,0.90,0.051586,0.200000,9337.45,2026-04-23 08:27:11.250 -0400
BASELINE,BASE_POPULATION_V1,2025-12-31,6235,APP-00006235,CUST-00006235,2025-08-18,MORTGAGE,PRIME,745,188406.18,0.3550,0.1993,13,236,1,1,false,false,false,false,890487.46,180,0.094313,9261.81,0.589905,4.726424,0.025000,1.20,1.00,1.00,1.00,1.10,1.00,1.03,1.00,1.45,1.25,0.90,0.057766,0.200000,10287.98,2026-04-23 08:27:11.250 -0400
BASELINE,BASE_POPULATION_V1,2025-12-31,1222,APP-00001222,CUST-00001222,2025-01-10,MORTGAGE,PRIME,748,184394.62,0.3533,0.3099,9,120,0,0,false,false,false,false,862475.10,180,0.095676,9041.39,0.588394,4.677333,0.025000,1.00,1.00,1.00,1.10,1.10,1.00,1.00,1.00,1.45,1.25,0.90,0.048916,0.200000,8437.77,2026-04-23 08:27:11.250 -0400
BASELINE,BASE_POPULATION_V1,2025-12-31,1552,APP-00001552,CUST-00001552,2025-12-28,MORTGAGE,PRIME,741,200018.21,0.2529,0.2171,10,119,2,0,false,false,false,false,945466.48,180,0.092862,9751.19,0.585018,4.726902,0.025000,1.00,1.00,1.00,1.00,1.00,1.05,1.00,1.00,1.45,1.25,0.90,0.043866,0.200000,8294.77,2026-04-23 08:27:11.250 -0400
BASELINE,BASE_POPULATION_V1,2025-12-31,28616,APP-00028616,CUST-00028616,2025-07-21,MORTGAGE,PRIME,726,195856.84,0.4533,0.4001,5,95,0,0,false,false,false,true,943847.55,180,0.088427,9485.01,0.581139,4.819069,0.025000,1.00,1.00,1.00,1.10,1.25,1.00,1.05,1.00,1.45,1.25,0.90,0.059453,0.200000,11222.91,2026-04-23 08:27:11.250 -0400
BASELINE,BASE_POPULATION_V1,2025-12-31,14649,APP-00014649,CUST-00014649,2025-07-21,MORTGAGE,PRIME,749,179303.94,0.2700,0.3712,14,242,0,0,false,false,false,false,827640.91,180,0.094119,8598.49,0.575458,4.615855,0.025000,1.00,1.00,1.00,1.10,1.00,1.00,1.03,1.00,1.45,1.25,0.90,0.047534,0.200000,7868.22,2026-04-23 08:27:11.250 -0400
BASELINE,BASE_POPULATION_V1,2025-12-31,41873,APP-00041873,CUST-00041873,2025-02-01,MORTGAGE,PRIME,738,202331.69,0.2309,0.3126,13,57,2,0,false,false,false,false,942181.23,180,0.092050,9671.47,0.573601,4.656617,0.025000,1.00,1.00,1.00,1.10,1.00,1.05,1.03,1.05,1.45,1.25,0.90,0.050437,0.200000,9504.16,2026-04-23 08:27:11.250 -0400
BASELINE,BASE_POPULATION_V1,2025-12-31,45156,APP-00045156,CUST-00045156,2025-04-20,MORTGAGE,PRIME,719,194647.17,0.4224,0.2446,14,207,2,0,false,false,false,false,935065.37,180,0.086620,9296.97,0.573158,4.803899,0.025000,1.00,1.00,1.00,1.00,1.10,1.05,1.03,1.00,1.45,1.25,0.90,0.047766,0.200000,8932.87,2026-04-23 08:27:11.250 -0400
BASELINE,BASE_POPULATION_V1,2025-12-31,15866,APP-00015866,CUST-00015866,2025-09-05,MORTGAGE,PRIME,723,197328.30,0.4520,0.2219,9,157,3,0,false,false,true,false,943953.33,180,0.087263,9421.12,0.572921,4.783669,0.025000,1.00,1.00,1.00,1.00,1.25,1.05,1.00,1.00,1.45,1.25,0.90,0.053785,0.200000,10154.11,2026-04-23 08:27:11.250 -0400
BASELINE,BASE_POPULATION_V1,2025-12-31,41014,APP-00041014,CUST-00041014,2025-02-26,MORTGAGE,PRIME,757,169665.04,0.4017,0.3647,6,186,4,0,false,false,false,true,763836.50,180,0.097450,8089.48,0.572149,4.502026,0.025000,1.00,1.00,1.00,1.10,1.10,1.12,1.00,1.00,1.45,1.25,0.90,0.054231,0.200000,8284.72,2026-04-23 08:27:11.250 -0400
BASELINE,BASE_POPULATION_V1,2025-12-31,38929,APP-00038929,CUST-00038929,2025-09-09,MORTGAGE,PRIME,747,177723.27,0.1847,0.4628,7,110,1,0,true,false,false,false,816985.75,180,0.093587,8461.65,0.571337,4.596954,0.025000,1.00,1.60,1.00,1.10,0.95,1.00,1.00,1.00,1.45,1.25,0.90,0.068419,0.200000,11179.47,2026-04-23 08:27:11.250 -0400
BASELINE,BASE_POPULATION_V1,2025-12-31,40641,APP-00040641,CUST-00040641,2025-03-28,MORTGAGE,PRIME,751,172850.14,0.2747,0.3551,8,244,4,0,false,false,false,false,784611.70,180,0.095392,8211.68,0.570090,4.539260,0.025000,1.00,1.00,1.00,1.10,1.00,1.12,1.00,1.00,1.45,1.25,0.90,0.050243,0.200000,7884.25,2026-04-23 08:27:11.250 -0400
BASELINE,BASE_POPULATION_V1,2025-12-31,18886,APP-00018886,CUST-00018886,2025-08-05,MORTGAGE,PRIME,750,174395.92,0.3331,0.2001,10,231,1,1,false,false,false,false,794803.50,180,0.094513,8276.19,0.569476,4.557466,0.025000,1.20,1.00,1.00,1.00,1.00,1.00,1.00,1.00,1.45,1.25,0.90,0.050771,0.200000,8070.59,2026-04-23 08:27:11.250 -0400
BASELINE,BASE_POPULATION_V1,2025-12-31,43450,APP-00043450,CUST-00043450,2025-05-15,MORTGAGE,PRIME,745,174951.83,0.3633,0.3423,12,152,3,0,false,false,false,false,798486.33,180,0.094163,8297.71,0.569142,4.564035,0.025000,1.00,1.00,1.00,1.10,1.10,1.05,1.00,1.00,1.45,1.25,0.90,0.052377,0.200000,8364.46,2026-04-23 08:27:11.250 -0400
BASELINE,BASE_POPULATION_V1,2025-12-31,49479,APP-00049479,CUST-00049479,2025-06-12,MORTGAGE,PRIME,749,173731.51,0.4194,0.3687,14,177,2,3,false,false,false,false,790414.05,180,0.094454,8227.68,0.568303,4.549630,0.025000,1.75,1.00,1.00,1.10,1.10,1.05,1.03,1.00,1.45,1.25,0.90,0.097932,0.200000,15481.37,2026-04-23 08:27:11.250 -0400
BASELINE,BASE_POPULATION_V1,2025-12-31,4898,APP-00004898,CUST-00004898,2025-10-03,MORTGAGE,PRIME,729,203352.92,0.3740,0.3412,10,93,3,0,false,false,true,false,952740.09,180,0.088862,9598.93,0.566440,4.685156,0.025000,1.00,1.00,1.00,1.10,1.10,1.05,1.00,1.00,1.45,1.25,0.90,0.052688,0.200000,10039.59,2026-04-23 08:27:11.250 -0400
BASELINE,BASE_POPULATION_V1,2025-12-31,35967,APP-00035967,CUST-00035967,2025-02-25,MORTGAGE,PRIME,733,179752.76,0.4052,0.3680,11,177,0,0,false,false,false,false,830680.22,180,0.091135,8481.49,0.566210,4.621238,0.025000,1.00,1.00,1.00,1.10,1.10,1.00,1.00,1.00,1.45,1.25,0.90,0.049773,0.200000,8269.09,2026-04-23 08:27:11.250 -0400
BASELINE,BASE_POPULATION_V1,2025-12-31,45042,APP-00045042,CUST-00045042,2025-06-29,MORTGAGE,PRIME,756,164005.15,0.3727,0.3401,7,243,4,0,false,false,false,false,727660.22,180,0.097959,7728.87,0.565509,4.436813,0.025000,1.00,1.00,1.00,1.10,1.10,1.12,1.00,1.00,1.45,1.25,0.90,0.056117,0.200000,8166.82,2026-04-23 08:27:11.250 -0400
BASELINE,BASE_POPULATION_V1,2025-12-31,38560,APP-00038560,CUST-00038560,2025-05-25,MORTGAGE,PRIME,719,189241.67,0.3927,0.2665,5,217,1,1,false,false,false,true,896384.46,180,0.086181,8889.22,0.563674,4.736718,0.025000,1.20,1.00,1.00,1.00,1.10,1.00,1.05,1.00,1.45,1.25,0.90,0.058784,0.200000,10538.61,2026-04-23 08:27:11.250 -0400
BASELINE,BASE_POPULATION_V1,2025-12-31,11177,APP-00011177,CUST-00011177,2025-03-27,MORTGAGE,PRIME,723,194113.11,0.2981,0.2290,10,111,1,0,false,false,false,false,919061.11,180,0.086250,9117.83,0.563661,4.734668,0.025000,1.00,1.00,1.00,1.00,1.00,1.00,1.00,1.00,1.45,1.25,0.90,0.038898,0.200000,7149.93,2026-04-23 08:27:11.250 -0400
BASELINE,BASE_POPULATION_V1,2025-12-31,18371,APP-00018371,CUST-00018371,2025-03-20,MORTGAGE,PRIME,735,178962.42,0.3047,0.2628,7,223,0,0,false,false,false,false,825332.34,180,0.090675,8404.24,0.563531,4.611763,0.025000,1.00,1.00,1.00,1.00,1.00,1.00,1.00,1.00,1.45,1.25,0.90,0.039644,0.200000,6543.90,2026-04-23 08:27:11.250 -0400
BASELINE,BASE_POPULATION_V1,2025-12-31,49960,APP-00049960,CUST-00049960,2025-04-05,MORTGAGE,PRIME,740,190370.50,0.4239,0.3641,11,41,0,0,false,false,false,false,874838.67,180,0.091138,8932.52,0.563061,4.595453,0.025000,1.00,1.00,1.00,1.10,1.10,1.00,1.00,1.05,1.45,1.25,0.90,0.051397,0.200000,8992.82,2026-04-23 08:27:11.250 -0400
BASELINE,BASE_POPULATION_V1,2025-12-31,38241,APP-00038241,CUST-00038241,2025-08-02,MORTGAGE,PRIME,754,164023.67,0.3410,0.3263,15,244,2,0,false,false,false,false,727777.07,180,0.096931,7684.66,0.562211,4.437025,0.025000,1.00,1.00,1.00,1.10,1.00,1.05,1.03,1.00,1.45,1.25,0.90,0.049356,0.200000,7184.03,2026-04-23 08:27:11.250 -0400
