"module1_run_id","module2_run_id","run_sequence_number","showcase_id","showcase_name","comparison_group_id","validation_evidence_group_id","module1_scenario_set_name","module1_scenario_name","population_id","strategy_set_name","strategy_name","strategy_version","strategy_profile_code","product_policy_profile_code","module1_parameter_family_changed","module1_parameter_change_summary","module2_strategy_family_changed","module2_parameter_change_summary","expected_storyline","validation_summary_section_hint","readme_storyline_label","linkedin_post_sequence","registry_active_flag","registry_created_ts","registry_updated_ts"
M1-05,M2-14,14,SC03,Credit Box Sensitivity,,VE14,MODULE1_V2_CREDIT_BOX_SENSITIVITY_SET,CREDIT_BOX_BASELINE_REFERENCE,BASE_POPULATION_V1,MODULE2_BASELINE_STRATEGY_SET,BASELINE_STRATEGY,V1_0,BASELINE_STRATEGY_PROFILE,BASELINE_PRODUCT_POLICY,CREDIT_BOX,Credit-box baseline reference scenario.,BASELINE,Baseline strategy on credit-box reference.,Establish credit-box reference behavior.,Credit-box reference evidence,Credit-box reference baseline,14,true,2026-05-19 23:12:23.738,2026-05-20 22:38:29.218
M1-07,M2-16,16,SC03,Credit Box Sensitivity,,VE16,MODULE1_V2_CREDIT_BOX_SENSITIVITY_SET,NEAR_PRIME_EXPANSION_MIX,BASE_POPULATION_V1,MODULE2_BASELINE_STRATEGY_SET,BASELINE_STRATEGY,V1_0,BASELINE_STRATEGY_PROFILE,BASELINE_PRODUCT_POLICY,CREDIT_BOX,Near-prime expansion score-mix scenario.,BASELINE,Baseline strategy on near-prime expansion.,Evaluate baseline under near-prime expansion.,Near-prime baseline evidence,Near-prime expansion baseline,16,true,2026-05-19 23:12:23.738,2026-05-20 22:38:29.218
M1-07,M2-17,17,SC03,Credit Box Sensitivity,CG10,VE17,MODULE1_V2_CREDIT_BOX_SENSITIVITY_SET,NEAR_PRIME_EXPANSION_MIX,BASE_POPULATION_V1,MODULE2_BASELINE_STRATEGY_SET,TIGHTER_SYNTHETIC_RISK_STRATEGY,V1_0,TIGHTER_SYNTHETIC_RISK_PROFILE,BASELINE_PRODUCT_POLICY,CREDIT_BOX,Near-prime expansion score-mix scenario.,RISK_DISCIPLINE,Tighter synthetic-risk strategy under near-prime expansion.,Evaluate risk discipline under near-prime expansion.,Near-prime tighter risk evidence,Near-prime tighter risk challenger,17,true,2026-05-19 23:12:23.738,2026-05-20 22:38:29.218
M1-09,M2-21,21,SC04,Portfolio Mix Sensitivity,,VE21,MODULE1_V2_PORTFOLIO_MIX_SENSITIVITY_SET,PORTFOLIO_MIX_BASELINE_REFERENCE,BASE_POPULATION_V1,MODULE2_BASELINE_STRATEGY_SET,BASELINE_STRATEGY,V1_0,BASELINE_STRATEGY_PROFILE,BASELINE_PRODUCT_POLICY,PRODUCT_MIX,Portfolio-mix baseline reference scenario.,BASELINE,Baseline strategy on portfolio-mix reference.,Establish product-mix reference behavior.,Portfolio mix reference evidence,Portfolio mix reference baseline,21,true,2026-05-19 23:12:23.738,2026-05-20 22:38:29.218
M1-13,M2-27,27,SC05,Exposure Intensity Sensitivity,,VE27,MODULE1_V2_EXPOSURE_INTENSITY_SENSITIVITY_SET,EXPOSURE_BASELINE_REFERENCE,BASE_POPULATION_V1,MODULE2_BASELINE_STRATEGY_SET,BASELINE_STRATEGY,V1_0,BASELINE_STRATEGY_PROFILE,BASELINE_PRODUCT_POLICY,EXPOSURE_INTENSITY,Exposure-intensity baseline reference scenario.,BASELINE,Baseline strategy on exposure reference.,Establish exposure-intensity reference behavior.,Exposure reference evidence,Exposure reference baseline,27,true,2026-05-19 23:12:23.738,2026-05-20 22:38:29.218
M1-14,M2-28,28,SC05,Exposure Intensity Sensitivity,,VE28,MODULE1_V2_EXPOSURE_INTENSITY_SENSITIVITY_SET,HIGH_BALANCE_APPETITE,BASE_POPULATION_V1,MODULE2_BASELINE_STRATEGY_SET,BASELINE_STRATEGY,V1_0,BASELINE_STRATEGY_PROFILE,BASELINE_PRODUCT_POLICY,EXPOSURE_INTENSITY,High-balance appetite scenario.,BASELINE,Baseline strategy under higher requested exposure intensity.,Evaluate baseline under high-balance appetite.,High-balance baseline evidence,High-balance baseline,28,true,2026-05-19 23:12:23.738,2026-05-20 22:38:29.218
M1-07,M2-18,18,SC03,Credit Box Sensitivity,CG11,VE18,MODULE1_V2_CREDIT_BOX_SENSITIVITY_SET,NEAR_PRIME_EXPANSION_MIX,BASE_POPULATION_V1,MODULE2_BASELINE_STRATEGY_SET,SELECTIVE_COUNTEROFFER_FEASIBILITY_STRATEGY,V1_0,SELECTIVE_COUNTEROFFER_FEASIBILITY_PROFILE,COUNTEROFFER_FIRST_PRODUCT_POLICY,CREDIT_BOX,Near-prime expansion score-mix scenario.,Counteroffer strategy split,Selective counteroffer feasibility posture. Severe requested-structure cases remain review-oriented unless already cleanly counteroffer-eligible.,"Selective counteroffer feasibility tests reduced-exposure treatment where governed feasibility is clean, while preserving manual review for severe requested-structure cases.",Option C counteroffer strategy split — selective feasibility posture,Selective counteroffer feasibility strategy,18,true,2026-05-19 23:12:23.738,2026-05-20 22:38:29.218
M1-08,M2-20,20,SC03,Credit Box Sensitivity,CG12,VE20,MODULE1_V2_CREDIT_BOX_SENSITIVITY_SET,CREDIT_STRESS_SCORE_MIX,BASE_POPULATION_V1,MODULE2_BASELINE_STRATEGY_SET,TIGHTER_SYNTHETIC_RISK_STRATEGY,V1_0,TIGHTER_SYNTHETIC_RISK_PROFILE,BASELINE_PRODUCT_POLICY,CREDIT_BOX,Credit-stress score-mix scenario.,RISK_DISCIPLINE,Tighter risk strategy under credit stress.,Evaluate risk discipline under credit stress.,Credit stress tighter risk evidence,Credit stress risk challenger,20,true,2026-05-19 23:12:23.738,2026-05-20 22:38:29.218
M1-01,M2-01,1,SC01,Baseline Strategy Frontier,,VE01,MODULE1_V2_BASELINE_SET,BASELINE_V2,BASE_POPULATION_V1,MODULE2_BASELINE_STRATEGY_SET,BASELINE_STRATEGY,V1_0,BASELINE_STRATEGY_PROFILE,BASELINE_PRODUCT_POLICY,BASELINE,Module 1 baseline scenario using accepted V2.0 defaults.,BASELINE,Module 2 baseline strategy using accepted V1.0 defaults.,Establish baseline Module 2 behavior on BASELINE_V2.,Baseline strategy evidence,Baseline strategy reference,1,true,2026-05-19 23:12:23.738,2026-05-20 22:38:29.218
M1-01,M2-04,4,SC01,Baseline Strategy Frontier,CG03,VE04,MODULE1_V2_BASELINE_SET,BASELINE_V2,BASE_POPULATION_V1,MODULE2_BASELINE_STRATEGY_SET,TIGHTER_AFFORDABILITY_STRATEGY,V1_0,TIGHTER_AFFORDABILITY_PROFILE,AFFORDABILITY_TIGHT_PRODUCT_POLICY,BASELINE,Module 1 baseline scenario using accepted V2.0 defaults.,AFFORDABILITY_DISCIPLINE,Tighter affordability thresholds and product PTI policy.,"Demonstrate affordability discipline and how tighter PTI guardrails affect offer exposure, counteroffers, and review burden.",Affordability evidence,Tighter affordability challenger,4,true,2026-05-19 23:12:23.738,2026-05-20 22:38:29.218
M1-01,M2-05,5,SC01,Baseline Strategy Frontier,CG04,VE05,MODULE1_V2_BASELINE_SET,BASELINE_V2,BASE_POPULATION_V1,MODULE2_BASELINE_STRATEGY_SET,SELECTIVE_COUNTEROFFER_FEASIBILITY_STRATEGY,V1_0,SELECTIVE_COUNTEROFFER_FEASIBILITY_PROFILE,COUNTEROFFER_FIRST_PRODUCT_POLICY,BASELINE,Module 1 baseline scenario using accepted V2.0 defaults.,Counteroffer strategy split,Selective counteroffer feasibility posture. Severe requested-structure cases remain review-oriented unless already cleanly counteroffer-eligible.,"Selective counteroffer feasibility tests reduced-exposure treatment where governed feasibility is clean, while preserving manual review for severe requested-structure cases.",Option C counteroffer strategy split — selective feasibility posture,Selective counteroffer feasibility strategy,5,true,2026-05-19 23:12:23.738,2026-05-20 22:38:29.218
M1-01,M2-06,6,SC01,Baseline Strategy Frontier,CG05,VE06,MODULE1_V2_BASELINE_SET,BASELINE_V2,BASE_POPULATION_V1,MODULE2_BASELINE_STRATEGY_SET,PRODUCT_SPECIFIC_GUARDRAIL_STRATEGY,V1_0,PRODUCT_GUARDRAIL_PROFILE,PRODUCT_GUARDRAIL_PRODUCT_POLICY,BASELINE,Module 1 baseline scenario using accepted V2.0 defaults.,PRODUCT_GUARDRAILS,Product guardrails for unsecured and revolving exposure.,Demonstrate product-specific risk guardrails and where product-level strategy controls change outcomes.,Product guardrail evidence,Product guardrail challenger,6,true,2026-05-19 23:12:23.738,2026-05-20 22:38:29.218
M1-01,M2-07,7,SC01,Baseline Strategy Frontier,CG06,VE07,MODULE1_V2_BASELINE_SET,BASELINE_V2,BASE_POPULATION_V1,MODULE2_BASELINE_STRATEGY_SET,MANUAL_REVIEW_REDUCTION_STRATEGY,V1_0,MANUAL_REVIEW_REDUCTION_PROFILE,BASELINE_PRODUCT_POLICY,BASELINE,Module 1 baseline scenario using accepted V2.0 defaults.,REVIEW_BURDEN_REDUCTION,Failed counteroffers resolve to decline.,Demonstrate operational review-burden reduction and the corresponding no-offer tradeoff.,Manual review reduction evidence,Manual-review reduction challenger,7,true,2026-05-19 23:12:23.738,2026-05-20 22:38:29.218
M1-02,M2-08,8,SC02,Rate Environment Sensitivity,,VE08,MODULE1_V2_BASELINE_SET,RATE_UP_200BP,BASE_POPULATION_V1,MODULE2_BASELINE_STRATEGY_SET,BASELINE_STRATEGY,V1_0,BASELINE_STRATEGY_PROFILE,BASELINE_PRODUCT_POLICY,RATE_ENVIRONMENT,Module 1 200 basis-point rate-up scenario.,BASELINE,Baseline strategy under rate-up 200bp.,Evaluate baseline strategy behavior under a 200 basis-point upstream rate-stress scenario.,Rate-up 200 baseline evidence,Rate-up 200 baseline,8,true,2026-05-19 23:12:23.738,2026-05-20 22:38:29.218
M1-12,M2-26,26,SC04,Portfolio Mix Sensitivity,CG14,VE26,MODULE1_V2_PORTFOLIO_MIX_SENSITIVITY_SET,REVOLVING_LINE_EXPANSION_MIX,BASE_POPULATION_V1,MODULE2_BASELINE_STRATEGY_SET,PRODUCT_SPECIFIC_GUARDRAIL_STRATEGY,V1_0,PRODUCT_GUARDRAIL_PROFILE,PRODUCT_GUARDRAIL_PRODUCT_POLICY,PRODUCT_MIX,Revolving-line expansion product-mix scenario.,PRODUCT_GUARDRAILS,Product guardrails under revolving expansion.,Evaluate product guardrails under revolving-line expansion.,Revolving expansion guardrail evidence,Revolving expansion guardrails,26,true,2026-05-19 23:12:23.738,2026-05-20 22:38:29.218
M1-04,M2-12,12,SC02,Rate Environment Sensitivity,CG08,VE12,MODULE1_V2_BASELINE_SET,RATE_UP_300BP,BASE_POPULATION_V1,MODULE2_BASELINE_STRATEGY_SET,TIGHTER_AFFORDABILITY_STRATEGY,V1_0,TIGHTER_AFFORDABILITY_PROFILE,AFFORDABILITY_TIGHT_PRODUCT_POLICY,RATE_ENVIRONMENT,Module 1 300 basis-point rate-up scenario.,AFFORDABILITY_DISCIPLINE,Tighter affordability strategy under 300bp rate stress.,Evaluate tighter affordability discipline under 300bp rate stress.,Rate-up 300 affordability evidence,Rate-up 300 affordability challenger,12,true,2026-05-19 23:12:23.738,2026-05-20 22:38:29.218
M1-10,M2-23,23,SC04,Portfolio Mix Sensitivity,CG13,VE23,MODULE1_V2_PORTFOLIO_MIX_SENSITIVITY_SET,UNSECURED_GROWTH_MIX,BASE_POPULATION_V1,MODULE2_BASELINE_STRATEGY_SET,PRODUCT_SPECIFIC_GUARDRAIL_STRATEGY,V1_0,PRODUCT_GUARDRAIL_PROFILE,PRODUCT_GUARDRAIL_PRODUCT_POLICY,PRODUCT_MIX,Unsecured growth product-mix scenario.,PRODUCT_GUARDRAILS,Product guardrails under unsecured growth.,Evaluate product guardrails under unsecured growth.,Unsecured growth guardrail evidence,Unsecured growth guardrails,23,true,2026-05-19 23:12:23.738,2026-05-20 22:38:29.218
M1-11,M2-24,24,SC04,Portfolio Mix Sensitivity,,VE24,MODULE1_V2_PORTFOLIO_MIX_SENSITIVITY_SET,SECURED_BALANCE_GROWTH_MIX,BASE_POPULATION_V1,MODULE2_BASELINE_STRATEGY_SET,BASELINE_STRATEGY,V1_0,BASELINE_STRATEGY_PROFILE,BASELINE_PRODUCT_POLICY,PRODUCT_MIX,Secured balance growth product-mix scenario.,BASELINE,Baseline strategy on secured-balance growth.,Evaluate baseline under secured-balance growth.,Secured balance growth evidence,Secured balance baseline,24,true,2026-05-19 23:12:23.738,2026-05-20 22:38:29.218
M1-12,M2-25,25,SC04,Portfolio Mix Sensitivity,,VE25,MODULE1_V2_PORTFOLIO_MIX_SENSITIVITY_SET,REVOLVING_LINE_EXPANSION_MIX,BASE_POPULATION_V1,MODULE2_BASELINE_STRATEGY_SET,BASELINE_STRATEGY,V1_0,BASELINE_STRATEGY_PROFILE,BASELINE_PRODUCT_POLICY,PRODUCT_MIX,Revolving-line expansion product-mix scenario.,BASELINE,Baseline strategy on revolving expansion.,Evaluate baseline under revolving-line expansion.,Revolving expansion baseline evidence,Revolving expansion baseline,25,true,2026-05-19 23:12:23.738,2026-05-20 22:38:29.218
M1-10,M2-22,22,SC04,Portfolio Mix Sensitivity,,VE22,MODULE1_V2_PORTFOLIO_MIX_SENSITIVITY_SET,UNSECURED_GROWTH_MIX,BASE_POPULATION_V1,MODULE2_BASELINE_STRATEGY_SET,BASELINE_STRATEGY,V1_0,BASELINE_STRATEGY_PROFILE,BASELINE_PRODUCT_POLICY,PRODUCT_MIX,Unsecured growth product-mix scenario.,BASELINE,Baseline strategy on unsecured growth mix.,Evaluate baseline under unsecured growth.,Unsecured growth baseline evidence,Unsecured growth baseline,22,true,2026-05-19 23:12:23.738,2026-05-20 22:38:29.218
M1-14,M2-29,29,SC05,Exposure Intensity Sensitivity,CG15,VE29,MODULE1_V2_EXPOSURE_INTENSITY_SENSITIVITY_SET,HIGH_BALANCE_APPETITE,BASE_POPULATION_V1,MODULE2_BASELINE_STRATEGY_SET,SELECTIVE_COUNTEROFFER_FEASIBILITY_STRATEGY,V1_0,SELECTIVE_COUNTEROFFER_FEASIBILITY_PROFILE,COUNTEROFFER_FIRST_PRODUCT_POLICY,EXPOSURE_INTENSITY,High-balance appetite scenario.,Counteroffer strategy split,Selective counteroffer feasibility posture. Severe requested-structure cases remain review-oriented unless already cleanly counteroffer-eligible.,"Selective counteroffer feasibility tests reduced-exposure treatment where governed feasibility is clean, while preserving manual review for severe requested-structure cases.",Option C counteroffer strategy split — selective feasibility posture,Selective counteroffer feasibility strategy,29,true,2026-05-19 23:12:23.738,2026-05-20 22:38:29.218
M1-14,M2-39,39,SC05,Exposure Intensity Sensitivity,CG20,VEG20_AGGRESSIVE_COUNTEROFFER_HIGH_BALANCE_APPETITE,MODULE1_V2_EXPOSURE_INTENSITY_SENSITIVITY_SET,HIGH_BALANCE_APPETITE,BASE_POPULATION_V1,MODULE2_BASELINE_STRATEGY_SET,AGGRESSIVE_COUNTEROFFER_EXPANSION_STRATEGY,V1_0,AGGRESSIVE_COUNTEROFFER_EXPANSION_PROFILE,COUNTEROFFER_FIRST_PRODUCT_POLICY,EXPOSURE_INTENSITY,High-balance appetite scenario.,Counteroffer strategy split,"Aggressive counteroffer expansion allows severe requested-structure rows to enter governed counteroffer feasibility testing when not blocked by hard stop, severe synthetic-risk, or severe DTI logic.","Aggressive counteroffer expansion is designed to increase counteroffer feasibility testing and counteroffer volume relative to selective feasibility, while preserving governed feasibility constraints.",Option C counteroffer strategy split — aggressive expansion posture,Aggressive counteroffer expansion strategy,39,true,2026-05-19 23:12:23.738,2026-05-20 22:38:29.218
M1-03,M2-13,13,SC02,Rate Environment Sensitivity,CG09,VE13,MODULE1_V2_BASELINE_SET,RATE_DOWN_200BP,BASE_POPULATION_V1,MODULE2_BASELINE_STRATEGY_SET,GROWTH_ORIENTED_STRATEGY,V1_0,GROWTH_ORIENTED_PROFILE,GROWTH_PRODUCT_POLICY,RATE_ENVIRONMENT,Module 1 200 basis-point rate-down scenario.,GROWTH,Growth strategy under rate relief.,Evaluate growth strategy under rate relief.,Rate-down growth evidence,Rate-down growth challenger,13,true,2026-05-19 23:12:23.738,2026-05-20 22:38:29.218
M1-06,M2-15,15,SC03,Credit Box Sensitivity,,VE15,MODULE1_V2_CREDIT_BOX_SENSITIVITY_SET,PRIME_GROWTH_SCORE_MIX,BASE_POPULATION_V1,MODULE2_BASELINE_STRATEGY_SET,BASELINE_STRATEGY,V1_0,BASELINE_STRATEGY_PROFILE,BASELINE_PRODUCT_POLICY,CREDIT_BOX,Prime-growth score-mix scenario.,BASELINE,Baseline strategy on prime-growth score mix.,Evaluate baseline under stronger score mix.,Prime growth evidence,Prime growth baseline,15,true,2026-05-19 23:12:23.738,2026-05-20 22:38:29.218
M1-02,M2-11,11,SC02,Rate Environment Sensitivity,CG07,VE11,MODULE1_V2_BASELINE_SET,RATE_UP_200BP,BASE_POPULATION_V1,MODULE2_BASELINE_STRATEGY_SET,TIGHTER_AFFORDABILITY_STRATEGY,V1_0,TIGHTER_AFFORDABILITY_PROFILE,AFFORDABILITY_TIGHT_PRODUCT_POLICY,RATE_ENVIRONMENT,Module 1 200 basis-point rate-up scenario.,AFFORDABILITY_DISCIPLINE,Tighter affordability strategy under 200bp rate stress.,Evaluate tighter affordability discipline under 200bp rate stress.,Rate-up 200 affordability evidence,Rate-up 200 affordability challenger,11,true,2026-05-19 23:12:23.738,2026-05-20 22:38:29.218
M1-01,M2-02,2,SC01,Baseline Strategy Frontier,CG01,VE02,MODULE1_V2_BASELINE_SET,BASELINE_V2,BASE_POPULATION_V1,MODULE2_BASELINE_STRATEGY_SET,TIGHTER_SYNTHETIC_RISK_STRATEGY,V1_0,TIGHTER_SYNTHETIC_RISK_PROFILE,BASELINE_PRODUCT_POLICY,BASELINE,Module 1 baseline scenario using accepted V2.0 defaults.,RISK_DISCIPLINE,Tighter synthetic estimated-risk thresholds.,"Demonstrate risk-discipline tradeoff: lower simulated offer exposure and approved Expected Loss, with higher decline rate.",Tighter risk evidence,Tighter synthetic-risk challenger,2,true,2026-05-19 23:12:23.738,2026-05-20 22:38:29.218
M1-01,M2-03,3,SC01,Baseline Strategy Frontier,CG02,VE03,MODULE1_V2_BASELINE_SET,BASELINE_V2,BASE_POPULATION_V1,MODULE2_BASELINE_STRATEGY_SET,GROWTH_ORIENTED_STRATEGY,V1_0,GROWTH_ORIENTED_PROFILE,GROWTH_PRODUCT_POLICY,BASELINE,Module 1 baseline scenario using accepted V2.0 defaults.,GROWTH,Growth-oriented thresholds and product policy.,"Demonstrate growth tradeoff: higher simulated offer exposure and approved amount, with measurable risk impact.",Growth strategy evidence,Growth-oriented challenger,3,true,2026-05-19 23:12:23.738,2026-05-20 22:38:29.218
M1-03,M2-09,9,SC02,Rate Environment Sensitivity,,VE09,MODULE1_V2_BASELINE_SET,RATE_DOWN_200BP,BASE_POPULATION_V1,MODULE2_BASELINE_STRATEGY_SET,BASELINE_STRATEGY,V1_0,BASELINE_STRATEGY_PROFILE,BASELINE_PRODUCT_POLICY,RATE_ENVIRONMENT,Module 1 200 basis-point rate-down scenario.,BASELINE,Baseline strategy under rate-down 200bp.,Evaluate baseline strategy behavior under 200 basis-point rate relief.,Rate-down baseline evidence,Rate-down 200 baseline,9,true,2026-05-19 23:12:23.738,2026-05-20 22:38:29.218
M1-04,M2-10,10,SC02,Rate Environment Sensitivity,,VE10,MODULE1_V2_BASELINE_SET,RATE_UP_300BP,BASE_POPULATION_V1,MODULE2_BASELINE_STRATEGY_SET,BASELINE_STRATEGY,V1_0,BASELINE_STRATEGY_PROFILE,BASELINE_PRODUCT_POLICY,RATE_ENVIRONMENT,Module 1 300 basis-point rate-up scenario.,BASELINE,Baseline strategy under rate-up 300bp.,Evaluate baseline strategy behavior under a 300 basis-point upstream rate-stress scenario.,Rate-up 300 baseline evidence,Rate-up 300 baseline,10,true,2026-05-19 23:12:23.738,2026-05-20 22:38:29.218
M1-08,M2-19,19,SC03,Credit Box Sensitivity,,VE19,MODULE1_V2_CREDIT_BOX_SENSITIVITY_SET,CREDIT_STRESS_SCORE_MIX,BASE_POPULATION_V1,MODULE2_BASELINE_STRATEGY_SET,BASELINE_STRATEGY,V1_0,BASELINE_STRATEGY_PROFILE,BASELINE_PRODUCT_POLICY,CREDIT_BOX,Credit-stress score-mix scenario.,BASELINE,Baseline strategy on credit-stress score mix.,Evaluate baseline under credit stress.,Credit stress baseline evidence,Credit stress baseline,19,true,2026-05-19 23:12:23.738,2026-05-20 22:38:29.218
M1-16,M2-31,31,SC06,LGD Severity Sensitivity,,VE31,MODULE1_V2_LGD_SEVERITY_SENSITIVITY_SET,LGD_BASELINE_REFERENCE,BASE_POPULATION_V1,MODULE2_BASELINE_STRATEGY_SET,BASELINE_STRATEGY,V1_0,BASELINE_STRATEGY_PROFILE,BASELINE_PRODUCT_POLICY,LGD_SEVERITY,LGD baseline reference scenario.,BASELINE,Baseline strategy on LGD reference.,Establish LGD reference behavior.,LGD reference evidence,LGD reference baseline,31,true,2026-05-19 23:12:23.738,2026-05-20 22:38:29.218
M1-19,M2-36,36,SC06,LGD Severity Sensitivity,CG17,VE36,MODULE1_V2_LGD_SEVERITY_SENSITIVITY_SET,BROAD_LGD_STRESS,BASE_POPULATION_V1,MODULE2_BASELINE_STRATEGY_SET,PRODUCT_SPECIFIC_GUARDRAIL_STRATEGY,V1_0,PRODUCT_GUARDRAIL_PROFILE,PRODUCT_GUARDRAIL_PRODUCT_POLICY,LGD_SEVERITY,Broad LGD stress scenario.,PRODUCT_GUARDRAILS,Product guardrails under broad LGD stress.,Evaluate product guardrails under broad LGD stress.,Broad LGD guardrail evidence,Broad LGD guardrails,36,true,2026-05-19 23:12:23.738,2026-05-20 22:38:29.218
M1-01,M2-37,37,SC01,Baseline Strategy Frontier,CG18,VEG18_AGGRESSIVE_COUNTEROFFER_BASELINE_V2,MODULE1_V2_BASELINE_SET,BASELINE_V2,BASE_POPULATION_V1,MODULE2_BASELINE_STRATEGY_SET,AGGRESSIVE_COUNTEROFFER_EXPANSION_STRATEGY,V1_0,AGGRESSIVE_COUNTEROFFER_EXPANSION_PROFILE,COUNTEROFFER_FIRST_PRODUCT_POLICY,BASELINE,Module 1 baseline scenario using accepted V2.0 defaults.,Counteroffer strategy split,"Aggressive counteroffer expansion allows severe requested-structure rows to enter governed counteroffer feasibility testing when not blocked by hard stop, severe synthetic-risk, or severe DTI logic.","Aggressive counteroffer expansion is designed to increase counteroffer feasibility testing and counteroffer volume relative to selective feasibility, while preserving governed feasibility constraints.",Option C counteroffer strategy split — aggressive expansion posture,Aggressive counteroffer expansion strategy,37,true,2026-05-19 23:12:23.738,2026-05-20 22:38:29.218
M1-07,M2-38,38,SC03,Credit Box Sensitivity,CG19,VEG19_AGGRESSIVE_COUNTEROFFER_NEAR_PRIME_EXPANSION,MODULE1_V2_CREDIT_BOX_SENSITIVITY_SET,NEAR_PRIME_EXPANSION_MIX,BASE_POPULATION_V1,MODULE2_BASELINE_STRATEGY_SET,AGGRESSIVE_COUNTEROFFER_EXPANSION_STRATEGY,V1_0,AGGRESSIVE_COUNTEROFFER_EXPANSION_PROFILE,COUNTEROFFER_FIRST_PRODUCT_POLICY,CREDIT_BOX,Near-prime expansion score-mix scenario.,Counteroffer strategy split,"Aggressive counteroffer expansion allows severe requested-structure rows to enter governed counteroffer feasibility testing when not blocked by hard stop, severe synthetic-risk, or severe DTI logic.","Aggressive counteroffer expansion is designed to increase counteroffer feasibility testing and counteroffer volume relative to selective feasibility, while preserving governed feasibility constraints.",Option C counteroffer strategy split — aggressive expansion posture,Aggressive counteroffer expansion strategy,38,true,2026-05-19 23:12:23.738,2026-05-20 22:38:29.218
M1-15,M2-30,30,SC05,Exposure Intensity Sensitivity,,VE30,MODULE1_V2_EXPOSURE_INTENSITY_SENSITIVITY_SET,LOW_BALANCE_CONSERVATIVE_REQUESTS,BASE_POPULATION_V1,MODULE2_BASELINE_STRATEGY_SET,BASELINE_STRATEGY,V1_0,BASELINE_STRATEGY_PROFILE,BASELINE_PRODUCT_POLICY,EXPOSURE_INTENSITY,Low-balance conservative requests scenario.,BASELINE,Baseline strategy under lower requested exposure intensity.,Evaluate baseline under low-balance conservative requests.,Low-balance baseline evidence,Low-balance baseline,30,true,2026-05-19 23:12:23.738,2026-05-20 22:38:29.218
M1-17,M2-32,32,SC06,LGD Severity Sensitivity,,VE32,MODULE1_V2_LGD_SEVERITY_SENSITIVITY_SET,SECURED_SEVERITY_STRESS,BASE_POPULATION_V1,MODULE2_BASELINE_STRATEGY_SET,BASELINE_STRATEGY,V1_0,BASELINE_STRATEGY_PROFILE,BASELINE_PRODUCT_POLICY,LGD_SEVERITY,Secured severity stress scenario.,BASELINE,Baseline strategy under secured severity stress.,Evaluate baseline under secured LGD severity stress.,Secured severity baseline evidence,Secured severity baseline,32,true,2026-05-19 23:12:23.738,2026-05-20 22:38:29.218
M1-18,M2-33,33,SC06,LGD Severity Sensitivity,,VE33,MODULE1_V2_LGD_SEVERITY_SENSITIVITY_SET,UNSECURED_SEVERITY_STRESS,BASE_POPULATION_V1,MODULE2_BASELINE_STRATEGY_SET,BASELINE_STRATEGY,V1_0,BASELINE_STRATEGY_PROFILE,BASELINE_PRODUCT_POLICY,LGD_SEVERITY,Unsecured severity stress scenario.,BASELINE,Baseline strategy under unsecured severity stress.,Evaluate baseline under unsecured LGD severity stress.,Unsecured severity baseline evidence,Unsecured severity baseline,33,true,2026-05-19 23:12:23.738,2026-05-20 22:38:29.218
M1-18,M2-34,34,SC06,LGD Severity Sensitivity,CG16,VE34,MODULE1_V2_LGD_SEVERITY_SENSITIVITY_SET,UNSECURED_SEVERITY_STRESS,BASE_POPULATION_V1,MODULE2_BASELINE_STRATEGY_SET,PRODUCT_SPECIFIC_GUARDRAIL_STRATEGY,V1_0,PRODUCT_GUARDRAIL_PROFILE,PRODUCT_GUARDRAIL_PRODUCT_POLICY,LGD_SEVERITY,Unsecured severity stress scenario.,PRODUCT_GUARDRAILS,Product guardrails under unsecured severity stress.,Evaluate product guardrails under unsecured severity stress.,Unsecured severity guardrail evidence,Unsecured severity guardrails,34,true,2026-05-19 23:12:23.738,2026-05-20 22:38:29.218
M1-19,M2-35,35,SC06,LGD Severity Sensitivity,,VE35,MODULE1_V2_LGD_SEVERITY_SENSITIVITY_SET,BROAD_LGD_STRESS,BASE_POPULATION_V1,MODULE2_BASELINE_STRATEGY_SET,BASELINE_STRATEGY,V1_0,BASELINE_STRATEGY_PROFILE,BASELINE_PRODUCT_POLICY,LGD_SEVERITY,Broad LGD stress scenario.,BASELINE,Baseline strategy under broad LGD stress.,Evaluate baseline under broad LGD stress.,Broad LGD baseline evidence,Broad LGD baseline,35,true,2026-05-19 23:12:23.738,2026-05-20 22:38:29.218
